Nom;Pharmacien;contacts;localisation
Pharmacie   7Eme Tranche;Dr  Dayato Azian C Pascale;+225 22 52 56 83;rue l 84 - 1er carrefour a gauche apres le journal notre voie en venant d’attoban ou 1er carrefour a droiteapres le bar les cafeines - meme rue que la nouvelle ambassade de chine - par le bd latrille
Pharmacie   Olympique;Dr Coulibaly Kafana Daniel;+225 02 27 56 13 / +225 07 89 99 44;abobo ndotre a 300 m du carrefour ndotre route de yopougon
Pharmacie   Phénix;Dr Konan N'Guessan Matthieu;+225 23 45 22 00;banco ii - nouvelle route port bouet ii  - gare bdf
Pharmacie   Providence;Dr  Doh Jocelyne;+225 24 49 39 62;quartier banco - 1er arret sotra - debut autoroute anyama
Pharmacie  2 Plateaux Agban;Dr  Tia Annick;+225 57 49 08 68 / +225 01 45 67 49;ii plateaux entre nouveau marche & hopital des impots - sortie nord camp de la gendarmerie agban
Pharmacie  7 Lys;Dr  Fadiga Soumah Yahka;+225 22 42 63 25 / +225 07 83 66 61;100 m de la residence bada - 7eme tranche route d’angre attobancarrefour cite zinsou – hcr non loin du centre medical  la colombe
Pharmacie  8Ème Tranche;Dr  Tchemele Linda;+225 22 52 34 90 / +225 07 69 54 32;cafeiers 6 - apres la djibi - route 9eme tranche - face cite bceao
Pharmacie  Actuelle;Dr Kone Lassina;+225 01 22 20 32 / +225 08 91 85 83;route d’abobo baoule au niveau carrefour dit«carrefour angre»a 200 m college victor loba’d - sur nouvelle route reliant angre a abobo
Pharmacie  Adjame Bracodi;Dr  Bledou Dominique R.;+225 20 37 54 33;gare nord sotra dans la zone de stationnement des gbakas dans le sens adjame abobo
Pharmacie  Adjame Latin;Dr  N’Taye Siala Odile;+225 07 88 26 39 / +225 57 48 94 78;prolongement de l'avenue 13 - quartier latin habitat extension - pres du petit marche
Pharmacie  Adjame Sante;Dr  Kouassi Laurence;+225 20 22 85 44;pres de l'institut de sante - bd nangui abrogoua
Pharmacie  Aimess;Dr  Kouassi Jeannette;+225 20 37 21 24;williamsville ii  -  route macaci  - face crs
Pharmacie  Akadjoba;Dr Agoussi Marie Germain;+225 23 51 68 06 / +225 02 53 63 90 / +225 03 59 59 11;carrefour niangon sideci - non loin du palais de justice
Pharmacie  Akre Albert Assamoi;Dr  Liliane Akre;+225 22 40 39 37;nouvelle gare routiere de bingerville
Pharmacie  Akwaba;Dr  Yace Dominique;+225  21 58 73 15;aeroport international felix h. boigny
Pharmacie  Alicia;Dr Lokossou Kouassi Laurence;+225 23 45 11 52;yopougon ananeraie route de dabou entre manutention africaine  et carrefour sodeci  face quartier bonikro
Pharmacie  Alpha;Dr Cisse Massogbe;+225 21 25 88 80;avenue 16 rue 17 - a cote de treich-hotel
Pharmacie  Amina;Dr Koissy Kpein Serge;+225 24 39 95 65 / +225 07 67 68 98;abobo avocatier - pres  maternite henriette konan bedie pres du marche avocatier
Pharmacie  Ananeraie;Dr Galle Atabli Anselme;+225 23 50 87 32 / +225 07 00 75 45;ancienne route de dabou - carrefour oasis - face institut lkm
Pharmacie  Andy;Dr  Lartey Epse Allah Kouadio;+225 22 43 25 80 / +225 08 82 58 58;riviera golf - carrefour leader price - face station shell
Pharmacie  Angre;Dr  Koffi Aissatou Cisse;+225 22 42 11 06 / 57 04;sur prolongement bd latrille- entree quartier angre- bus 81 & 82
Pharmacie  Aniaman;Dr Dosso  Losseni;+225 20 32 12 29 / +225 07 07 16 76;rue joseph anoma (rue des banques° cote rue a. daudet - immeuble aniamana gauche carrefour de la bourse regionale des valeurs mobiliers
Pharmacie  Aniel;Dr Koffi Cadio;+225 21 28 56 24 / +225 07 09 07 52;bd du 7 decembre - dans les environs de l’ex pharmacie  nium pres de l’eglise st etienne
Pharmacie  Appaul;Dr  Coffi Goudou Raymonde;+225 22 50 26 40;cocody 8eme tranche - 50 m du collège ste camille - interieur centre commercial « park’n shop »
Pharmacie  Arc En Ciel;Dr  Toure Safiatou;+225 22 41 33 90;ii plateaux rue des jardins - carrefour commissariat 12eme arrondissent
Pharmacie  Artemia;Dr Effi N’Doua Esther;+225 23 52 38 54 / +225 07 26 42 57 / +225 08 05 86 434;face palais de justice
Pharmacie  Arums;Dr  Aime Dimbour Marie A.;+225  22 50 66 40;cocody ii plateaux  8eme tranche - carrefour bceao sur la grande voie menant a la cnps
Pharmacie  Assalam;Dr Diop N'Doye Bouly;+225 23 52 99 30;niangon sud a gauche au carrefour de l’allocodrome
Pharmacie  Assonvon;Dr Grah-Mel Mireille;+225 23 45 44 55;200 m du cinema saguidiba - pres hotel assonvon - derriere la cnps
Pharmacie  Atlantique;Dr Ouattara Kanigui Hyacinthe;+225 21 27 95 00;sogefiha pres du marche de nuit
Pharmacie  Aurore;Dr Ngouin-Claih Seraphin;Dr NGOUIN-CLAIH SERAPHIN;ii plateaux vallons axe carrefour ena - direction rue des jardins  - 100 m avant la biao et la station total
Pharmacie  Avocatier Marche;Dr Diop Kouame Juste;+225 09 30 38 52;abobo avocatier - a gauche apres la cie d’abobo nord -  apres formation sanitaire henriette konan bediecarrefour chateau pres groupe scolaire les angelots
Pharmacie  Awale;Dr Dano Djedje Sebastien;+225 23 51 82 42;yopougon face petit marche selmer
Pharmacie  Azur;Dr Chintoh Armstrong;+225 40 27 50 02;route du zoo plateau dokui azur - carrefour policier
Pharmacie  Baïty;Dr Sery Lou Marthe;+225 23 51 77 98 / +225 05 02 09 07;yopougon toit rouge pres de la gendarmerie
Pharmacie  Balneaire;Dr Motto Yao Armand;+225 21 58 07 09;route bassam - face entree 43ème bima
Pharmacie  Bd De France;Dr Brou Firmin;+225 22 44 74 08;gd marche de cocody - station agip bus n° 28 – 74
Pharmacie  Bd De La Paix;Dr Jean Claude Yao;+225 20 22 20 34 / +225 02 03 76 18;attecoube route de carena - face sebroko (onuci) pres station total
Pharmacie  Bd Mitterrand;Dr N’Douba Kassi Raphael;+225 22 47 90 45;route de bingerville - carrefour bonoumin km 9 apres carrefour ste famille
Pharmacie  Bel Air;Dr Doukoure Marie Dominique;+225 23 45 42 76;carrefour gfci
Pharmacie  Bel Horizon;Dr  Coulibaly Fatoumata;+225 22 52 24 19;bd latrille angre nord - 50 m petro ivoire – latrille pres de  western union
Pharmacie  Belle Cite;Dr  Anougble Mariette;+225 44 29 29 69;abobo quartier bc- terminus des woros woros
Pharmacie  Belle Epine;Dr Kouame Jean Claude Sylvain Konan;+225 22 43 41 87 / +225 09 77 30 30;riviera 1 rue des jardins - carrefour avant la petite mosquee de la riviera
Pharmacie  Belle Fontaine;Dr Attoh Ange;+225 23 52 17 90 / +225 23 52 18 65;yopougon sicogi prolongement patisserie du marche
Pharmacie  Belleville;Dr Bah Dieneba;+225 21 25 09 32;habitat belleville - sicogi craone arras iii av.  27
Pharmacie  Bel’Fam (Grande);Dr Ouattara Auguste;+225 20 33 03 30;avenue & residence crosson duplessis apres la d.e.c.o - a droite avant telecel plateau
Pharmacie  Beniabie;Dr Ackah Beniabie;+225 21 28 95 25;bd du caire terminus bus 13  26 - 33
Pharmacie  Bethel;Dr Gnadou Louba;+225 21 27 98 12;quartier selmer route de vridi
Pharmacie  Bethel;Dr Aka Essoi Jacques;+225 22 43 22 83;riviera attoban face groupe scolaire jules ferry
Pharmacie  Beyniouah;Dr Djaya Khyssy B. Florentine;+225 23 46 01 02;yopougon niangon sud - carrefour du marche - bus n° 39 & 27
Pharmacie  Boissy;Dr Blesso Desrosiers Anne Kethlaine;+225 23 45 65 59;yopougon toit rouge - face commissariat du 19eme arrdt. - bus 44 - 37- 38
Pharmacie  Bon Pasteur;Dr  Akobe Catherine;+225 22 47 04 05 / +225 22 47 03 91 / +225 08 39 40;riviera iii carreffour lycee français face eglise bon pasteur pres du college l’ardoise
Pharmacie  Bonoumin;Dr Konan Yao Jacques;+225 0793 68 50 / +225  22 49 49 34;cocody riviera bonoumin - voie menant du college  andre malrhaux  a l’eglise la destinee (nouveau goudron)
Pharmacie  Camp Militaire;Dr N'Gotta Konan Jeannot;+225 23 51 65 10 / +225 09 37 88 18;yopougon camp militaire petit toit rouge  apres college st francois  en venant de la cnps yopougon
Pharmacie  Canaan;Dr Bobi Serge Eric;+225 21 25 96 76;zone 4 c -  36 rue paul langevin - a  500 m de mercedes
Pharmacie  Carrefour Anador;Dr Adjaffi Ndoua Jean Noel;+225 24 48 02 39 / 03 26;abobo - rond point carrefour anador - route des rails
Pharmacie  Carrefour Boby;Dr Adhout Claver Alain;+225 23 52 16 39 / +225 57 14 58 85;niangon - face base cie - entre stations petro-ivoire et shell
Pharmacie  Carrefour Diallo;Dr  Djiro Gafaranga Clementine;+225 40 30 24 31 / +225 01 29 26 18;abobo pk 18 - ndotre «  derriere pont » au carrefour diallo
Pharmacie  Carrefour Ghandi;Dr Camanand Ferdinand;+225 23 52 74 43 / +225 40 95 40 69;yopougon quartier koweit- carrefour gandhi pres groupe scolaire gandhi
Pharmacie  Carrefour Koweit;Dr Koffi  Ette Georges;+225 23 45 84 07;toit rouge - route abobodoume - carrefour koweit - face groupe scolaire petit soleil - ligne bus 42 1 37
Pharmacie  Carrefour Sante;Dr  Ndri Angele Epse Kouassi;+225 59 59 30 17;bingerville akouai santai face station corelay au carrefour du lycee des jeunes filles mamie faitai
Pharmacie  Catleyas;Dr  Sery Fatoumata;+225 22 47 07 79;bd mitterrand – carrefour abata
Pharmacie  Centrale;Dr Ollo Roger;+225 20 21 47 05 / +225 20 22 01 71;av. franchet d'esperey immeuble "bp"
Pharmacie  Cephas;Dr  Comoe Elise;+225 59 06 45 70 / +225  07 69 48 67;route abata - apres sicta quartier oribat
Pharmacie  Chardy;Dr Bamba Monique;+225 20 21 66 01;avenue chardy- pres station shell - cinema le paris - entre lynx optique & cinema le paris
Pharmacie  Che N’Tale;Dr Ossey Kopoin Justin;+225 23 52 62 03 / +225 04 75 20 69;ananeraie - a 200 m du college guchanrolain - bordure de routevoie menant au carrefour sorbonne non loin de la clinique ste jane leora
Pharmacie  Cheminot;Dr Da Leonce Bruno;+225 21 24 09 45;avenue 21 rue 9 - pres du carrefour france amerique
Pharmacie  Chenain;Dr Brindou Amafou Maria;+225 23 50 13 78 / +225 58 49 96 75;yopougon jerusalem - route abobodoume - 200 m de l’hotel gran-maxime
Pharmacie  Chicaya;Dr Chicaya Evelyne;+225 20 21 33 40;nour al hayat
Pharmacie  Chigata;Dr Coulibaly  Salimata;+225 23 52 93 58;toit rouge route d’abobodoume - 200 m des sapeurs pompiers -ligne bus 42
Pharmacie  Christ Roi;Dr Yapi Kouadio Isidore;+225 23 53 78 76;toit rouge - 60 m du carrefour jean paul ii
Pharmacie  Christ Stella;Dr Kouakou Yao G.;+225 20 37 90 85;cite fairmond  attecoube apre nouvelle gendarmerie
Pharmacie  Cite Maroc;Dr Hamza Mohamed;+225 23 51 87 58 / +225 05 87 79 94;quartier maroc pres du college anador
Pharmacie  Climbie;Dr  Obbin Waleme Elisabeth;+225 21 36 35 46 / +225 57 88 58 21;angle bd du caire & rue raoul follereau - face a la grande mosquee
Pharmacie  Comoe;Dr  Wolber Edwige;+225 22 44 28 81;cite des arts - face radio frequence vie
Pharmacie  Cyrille;Dr Polneau N'Guessantie;+225 21 25 95 28;angle bd de marseille - bd giscard d'estaing - ancien koumassi - bietry  bus n° 06 -12 - 24 -2 9 – 53
Pharmacie  D'Abobo Sante;Dr Homawoo Kouame Charles;+225 49 21 83 12 / +225 24 39 13 84;derriere le centre de sante (pmi & maternite)
Pharmacie  D'Abobodoume;Dr Akre Beugre Théodore;+225 23 45 63 00;face nouveau lycee municipal d'attecoube - pres de la formation sanitaire dr faitaiabobodoume - carrefour des gbakas
Pharmacie  D'Abobote;Dr Ake Amafin Nicodeme;+225 24 39 69 87;route du zoo -  carrefour menuiserie pres de la clinique centrale d'abobo
Pharmacie  D'Agban;Dr  Seri-Gnoleba Fawzillatou;+225 20 37 22 30 / +225 20 37 21 67;a l'entree de la cite fairmont
Pharmacie  D'Andokoi;Dr Diarra Arounan;+225 23 50 95 02 / +225 01 47 51 83;yopougon andokoi 1er pont a droiteentre centre ivoire couture et collège moderne (ex ceg)
Pharmacie  D'Arras;Dr Tchimou Koutouan;+225 21 24 13 29 / 21 93;gare routiere pour grand bassam
Pharmacie  De Bietry;Dr Adoumel Agnero Thomas;+225 21 24 86 89 / +225 24 86 56;bd de marseille (avant wafou) -centre commercial holliday - immeuble sgbci
Pharmacie  De Blockhauss;Dr  Inchaud Anongba Edwige;+225 22 48 68 91;terminus sotra - 200 m de l’hotel ivoire
Pharmacie  De Cocody;Dr  Marega Maimouna;+225 22 44 24 95;centre commercial petit marche score - face allocodrome
Pharmacie  De Gesco;Dr Coulibaly Konate Fanda;+225 23 46 99 57 / 58;quartier gesco - en face du marche
Pharmacie  De Koumassi (Soumah);Dr Keita Jean;+225 21 36 19 85;bd du 7 decembre - pres de la formation sanitaire de koumassi
Pharmacie  De L'Amitie;Dr Nuan-Aliman Elisabeth;+225 59 92 28 75;marcory grand marche - bd du cameroun - bus n° 05
Pharmacie  De L'Avenue 21;Dr Tano Assa;+225 21 24 83 46;carrefour avenue 21 rue 21 pres de la bibliothèque islamique bus 05 et 03
Pharmacie  De L'Entente;Dr Arkurst Bernadette;+225 21 25 26 95;angle avenue 21 rue 44
Pharmacie  De L'Etoile;Dr  Manouan A. Yolande;+225 02 44 06 88 /  +225 07 79 06 48;3eme rond point autoroute abobo gare pres de la gendarmerie
Pharmacie  De L'I.N.J.S;Dr Abong Ehounoud;+225 21 28 10 10 / +225 21 28 10 11;marcory gfci face i.n.j.s  (institut national de la jeunesse et des sports) - bus 03 & 31
Pharmacie  De L'Indenie;Dr  N'Zi Pillah Niali Jacqueline;+225 20 21 17 90;av. toussaint louverture - sgbci indenie- face cite policiere - apres les tours administratives
Pharmacie  De L'Ocean;Dr Aka Aouele;+225 21 27 78 48 / 79 43;angle av. pacifique & rue des espadons - prolongement de la boulangerie boe  et  du ceg de port bouet
Pharmacie  De La Bagoe;Dr  Diawara Kone Faty;+225 21 28 64 14;koumassi remblais - bd du cameroun - carrefour station mobilet sodeci marcory - face centre medical liring
Pharmacie  De La Baltique;Dr Loukou Nguessan Rosine;+225 21 27 66 71;face a l'abattoir
Pharmacie  De La Caserne;Dr Anoma Joel;+225 21 25 45 83;treichville entree quartier douanes par bd valery giscard d’estaing -face marche de portables
Pharmacie  De La Cite;Dr  Egnankou Juliette;+225 24 39 03 33;quartier sogefiha n'tanoua face ptt - abidjan 1
Pharmacie  De La Cite;Dr N'Djore Ali Henri;+225 23 45 87 32 -32 42;toit rouge- face sapeurs pompiers
Pharmacie  De La Cite Cocody;Dr Assamoi Tetchi Claude;+225 22 44 63 67 / 63 68;cocody danga face cite rouge a la gare « woro woro » de marcory
Pharmacie  De La Corniche;Dr  Daboiko Kouatelay;+225 22 48 58 68 / +225 02 36 / +225 05 84 20 80;bd corniche face siege nestle
Pharmacie  De La Galerie;Dr Kacou Aime Arsene;+225 21 35 24 73;bd. giscard d'estaing angle rue thomas edison (super hayat)
Pharmacie  De La Mairie;Dr  Ajami Malack & Dr  El Amine Farhat;+225 20 39 99 99;face mairie d’adjame
Pharmacie  De La Mairie;Dr N’Guessan Euphrasie;+225 23 52 43 06 / +225 05 63 36 43;quartier selmer - 200 de la mairie- face maquis tantie margot - ligne bus 30
Pharmacie  De La Mairie Abobo;Dr Eby Ehounoud;+225 24 39 32 48;carrefour centre culturel - avant nouvelle mairie - sur route du zoo
Pharmacie  De La Me (Nouvelle);Dr N'Douffou Joel Don;+225 41 29 52 78 / +225 07 91 19 99;abobo gare entre la mairie et la gendarmerie voix express d’anyama
Pharmacie  De La Mosquee;Dr  Kouassi Alice Anne;+225 20 37 17 70;bd. william jacob derriere les rails de la grande mosquee
Pharmacie  De La Paix;Dr Douzoua Lucien;+225 21 26 30 19 / +225 08 01 83 38;bd de loraine - face a la sib marcory et station texaco
Pharmacie  De La Piete;Bamba Josephine;+225 57 49 38 67 / +225  09 09 18 67;face a la pmi - cocody val doyen - cocody sud
Pharmacie  De La Plaque Ii;Dr  Coulibaly Berthe Epse Sanoh;+225 24 48 09 90;abobo plaque ii - non loin carrefour  du plaque ii
Pharmacie  De La Providence (Ex Phcie Delorvie);Dr Bedi Mel Samuel;+225 20 37 55 81 / +225 07 08 45 12;petit marche des 220 lgts - face edipresse - ligne bus n° 14  00 09 75 86 12 83
Pharmacie  De La Riviera;Dr  Kouamelan Christine;+225 22 43 28 44;carrefour riviera ii
Pharmacie  De La Vie;Dr Anogonou Sonia;+225 21 28 18 68;marcory residentiel boulevard achalme immeuble teranga
Pharmacie  De La Zone 3;Dr Aubry Keita Pascale;+225 21 35 13 15 / 09 76;centre commercial opera (carrefour patisserie abidjanaise - honda)
Pharmacie  De Locodjoro;Dr Kouadio N'Guessan Jacques;+225 23 45 36 83;apres le marche en allant vers abobodoume
Pharmacie  De L’Antenne;Dr Yekpe Marie Nicole Epse Mel;+225 23 50 15 27;yopougon lem 2 - face citelco et maison des jeunes
Pharmacie  De L’Avenue Nogues;Dr Diabate Ibrahima;+225 20 31 16 10;2, avenue nogues abidjan-plateau (pres du super marche le moins-cher du plateau)
Pharmacie  De L’Espoir;Dr Amani Andre;+225 20 39 08 31 / +225 07 88 65 75;adjame 220 lgts rue passant devant edipresse et imst face cite de lenfance croixrouge 200 m marche gouro derrire la maternite therese houphouet boigny
Pharmacie  De L’Horeb;Dr Tape Ahou Therese Antoinette;+225 23 51 88 89 - 07 45 24 14 - 40 29 97 81 / +225 03 71 78 40;yopougon sideci  lem 1er lavage
Pharmacie  De Port Bouet Ii Sarl;Dr Edoua K. Jacqueline;+225 23 46 60 53 / +225 01 51 67 56;route niangon nord - face mosquée al bilal - bus n° 39
Pharmacie  De Port-Bouet;Dr Gbaka Tchetche Nana Boukary;+225 21 27 89 17;pres du centre pilote des jeunes de port bouet
Pharmacie  De Prodomo;Dr  Oyourou G. Sophie;+225 21 28 83 43;bd cameroun koumassi prodomo - carrefour sopim prodomoapres terrain inch'allah
Pharmacie  De Sopim;Dr Ngossan Ehouman. David;225 21 36 69 32;koumassi sopim
Pharmacie  De Williamsville;Dr Kehiri Joseph;+22520 37 03 45;place du marche
Pharmacie  Des 220 Logements (Nlle);Dr  Kone Safiatou Epse Agnini Bile;+225 20 37 58 26;avenue general de gaulle - face station texaco
Pharmacie  Des 3 Mosquées;Dr Sylla Aichatou;+225 21 24 21 96;dans l’avenue 8 rue 22 baree a 300 m de la station shell immeuble nanan yamoussou rue 38
Pharmacie  Des 3 Ponts;Dr Coulibaly B.  Aminata;+225 23 45 43 70 - 03 11 49 26 / +225 02 03 15 14;yopougon sogefiha route de niangon pres centre sante (pmi & maternité)
Pharmacie  Des Agouas;Dr Druid Idibouo;+22520 37 / 10 59;face boulangerie bbco
Pharmacie  Des Allees;Dr  Ahnoux Ehkong Dr C.;+225 22 42 14 58;angre  bd latrille- 200 m apres petro-ivoire - carrefour cafeiers  2 stars 6 - non loin des etablissements cousteau
Pharmacie  Des Arts;Dr  Colomb Andree;+225 22 44 42 35 / 95 67;centre commercial de la cite des arts
Pharmacie  Des Banques (Nlle);Dr Amichia Paul-Innocent;+225 20 32 94 12 / +225 20 32 19 58;plateau rue des banques - carrefour bad – biao – sgbci - caisse d’epargne
Pharmacie  Des Brasseurs;Dr Saraka K. Adolphe;+225 21 25 31 51 / 17 25;face au chu de treichville - entre station bp et imprimerie abidjan continu - i rue des brasseurs
Pharmacie  Des Deux Plateaux;Dr  Piot Wlindet Aline;+225 22 41 36 04;bd latrille - centre commercial sicogi - pres de la sgbci
Pharmacie  Des Entreprises;Dr Assamoi Alfred;+225 21 27 17 32;vridi zone industrielle - face ancien toyota-premoto sur voie principale  250 m environ du tripostal
Pharmacie  Des Finances;Dr Angoua Tanoe Emma;+225 20 21 70 61;immeuble sitarail - cite financiere - de la cathedrale  descendre la rue principale du palais de justice
Pharmacie  Des Gares;Dr Kire Kouadio Noel;+225 20 37 26 24;bd nangui abrogoua - entre la ran et citelcom
Pharmacie  Des Graces;Dr  Kouablan Marguerite;+22522 41 24 27;ii plateaux adjame extension sur la route ii plateaux – williamsville
Pharmacie  Des Halles;Dr  Kie Danielle;+225 22 41 92 94;centre commercial sococe
Pharmacie  Des Hibiscus;Dr Adou Marie Louise;+225 21 26 31 66;bd de brazzaville - pres de la pmi
Pharmacie  Des Jardins;Dr  Konan Marie Jeanne;+225 22 41 17 70;ii plateaux rue des jardins - pres du super marche hayat - bus 35
Pharmacie  Des Lagunes;Dr Ajami Akil Tarek;+225 21 26 12 40 / 63 80;rue de la paix face agip & super marche trade center face comptoir lorrain d’afrique
Pharmacie  Des Laureades;Dr  Badia Patricia;+225 22 42 48 10 / +225 05 79 14 03 / +225 08 19 80 86;angre - route d’attoban (rue l 155) vers la djibi - face terrain sport d’angre ou par bdlatrille  feux tricolores -commissariat d’angre tourner a droite - tout droit a 400 m
Pharmacie  Des Quais;Dr Kouame Yao Justin;+225 21 24 04 94;treichville zone portuaire - grand moulin
Pharmacie  Des Sables;Dr Eddy Brown;+225 21 28 84 17;koumassi remblais - voie principale pres de la cite batim sir
Pharmacie  Des Studios;Dr Diplo Ignace;+225 20 21 95 95;ancien hotel du parc - 43, bd de la republique
Pharmacie  Des Tours;Dr Dirabou Placide;+225 20 21 91 28 / +225 20 21 93 02;av. jean paul ii - pres cathedrale st. paul - entrees bd angoulvant  et bd. roume - immeuble cic. wtc.  cite administrative
Pharmacie  Divin Amour;Dr Beda Yapi Lambert Guy;+225 22 41 93 38;ii plateaux bd latrille carrefour macaci pres de l’eglise du plein evangile
Pharmacie  Divine Esperance;Dr  Apata Boglo Pelagie;+225 24 39 78 92 - 96;abobo sagbe entre paroisse st joseph epoux et commissariat du 21eme arrondissement
Pharmacie  Divine Grace;Dr Codo Agbo Blandine;+225 23 46 79 17;entree port-bouet ii - chu yopougon
Pharmacie  Divine Onction;Dr Aka Assemien Noel;+225 22 41 62 84;ii plateaux rue j 92 - a 500 m de sococe vers le 12eme arrondissement
Pharmacie  Djigui;Dr Traore Abdourahamane;+225 21 27 75 86;face au grand marche - 30 m du commissariat - angle avenue atlantique et av. pacifique
Pharmacie  Du Banco;Dr Kone Dramane;+225 58 17 61 26 / +225 07 97 36 92 / +225 20 37 03 12;face service social
Pharmacie  Du Bd Carde;Dr Brou René;+225 20 21 01 08;face cercle des rails
Pharmacie  Du Bd De Marseille;Dr Adioumani Rachel;+225 21 25 76 25;bd marseille station shell face lonaci zone 3
Pharmacie  Du Bd Du Gabon;Dr  N'Dri Koffi Valerie;+225 21 36 24 62;200 m de la clinique "la madone" face pressing akwaba bus 32  26  23  12
Pharmacie  Du Bd Giscard D'Estaing;Dr Kouadio Anne Faustin;+225 21 24 37 00;carrefour score de koumassi - station texaco
Pharmacie  Du Bien Etre;Dr   Codo Keita Eliette;+225 22 50 80 80 / +225 22 50 11 11;angre sur la voie principale de la 8eme tranche - entrée de soleil 3
Pharmacie  Du Bonheur;Dr Diby Joseph;+22522 47 02 88;riviera palmeraie-marche - rue i 127 menant a sci les rosiers (rue marie rose guiraud edec)700m de la barriere de police route de bingerville
Pharmacie  Du Canal;Dr Oulai S. Urbain;+225 21 36 27 48;koumassi remblais - entre le gd carrefour gabi (feu tricolore) et carrefour millenium 80 m du maquis « le tapis rouge»ou a droite du groupe scolaire la rochelle-en provenance de la station mobil
Pharmacie  Du Carrefour;Dr Assahi Grah;+225 21 35 11 66 / 29 70;angle bd giscard d'estaing rue chevalier du clieu - zone 4a - face bicici marcory
Pharmacie  Du Cénacle;Dr Brou Arsène;+225 23 52 23 23  / +225 09 76 67 67 / +225 02 56 55 80 / +225 06 19 15 44;yopougon zone chu - 3eme pont - a 100 m de la cite policiere en construction  face station petro ivoire
Pharmacie  Du Centre;Dr Ouattara Y. Marius;+225 47 85 90 09 / +225 40 27 54 76 / +225 65 02 61 52;abobo avocatier voie express anyama pres de l’hotel du centre et de l’eglise universelle du royaume de dieu
Pharmacie  Du Chateau;Dr Diakite Ibrahim;+225 23 55 93 99 / 63 28;
Pharmacie  Du Chateau D'Eau;M'Bahia Lika;+225 20 37 11 68;bd william jacob - adjame nord- en descendant les rails vers la sodeci
Pharmacie  Du Commerce (Grande);Dr Mangoua Gerard;+225 20 22 31 31 / +225 20 32 12 12;immeuble l'ebrien - 24 av. general de gaulle
Pharmacie  Du Dokui (Gde);Dr Mohamed Doumbia;+225 24 39 10 30;au dessus du zoo face station total - face cie plateau dokui
Pharmacie  Du Forum;Dr Boguifo Charles;+225 20 38 13 64 / +225 20 38 13 86;a l’interieur du forum des marches d’adjame
Pharmacie  Du Gd Marche De Marcory;Dr Gouepo Évariste;+225 21 56 90 96;bd cameroun - face nouveau marche de marcory a l’angle du bd cameroun et rue f133
Pharmacie  Du Golf;Dr  Amichia Victoire;+225 22 43 14 31;centre commercial sicogi riviera face aux caddies
Pharmacie  Du Grand Marche;Dr Diplo Wanda;+225 21 24 00 72;angle rue 13- avenue 8 place de l'ancien marche
Pharmacie  Du Jubile;Dr Lorougon Paul Arnaud;+225 01 05 26 10 / +225 06 37 09 42;yopougon route de dabou face marche bagnon
Pharmacie  Du Lavage;Dr Ehounou Kadjo Nazer;+225 23 50 25 40;yopougon sicogi - pres du carrefour lavage
Pharmacie  Du Levant;Dr Kouame Mockey Irène;+225 21 24 14 21;angle rue 12 bd giscard d'estaing
Pharmacie  Du Longchamp;Dr Pitte Beugre;+225 20 22 75 98 / +225 43 62 / 23 73;av. marchand entre externat st. paul et hotel ibis-plateau
Pharmacie  Du Lycee Technique;Dr Diawara Ibrahima;+225 22 44 60 77;route du lycee technique pres de la clinique du goci
Pharmacie  Du Marais;Dr Kouassi Michel Seraphin;+225 21 36 06 99 - 05 65;port bouet ii - progres 1ere rue a gauche apres la mosquee etle marche adou assale en allant vers prodomo - bd du cameroun
Pharmacie  Du Marche;Dr Ake Ako Constant;+225 23 45 24 70 / +225 09 84 34 91 / +225 01 07 48 10;pres du marche de la sicogi i - carrefour sicogi i – sogefiha
Pharmacie  Du Marche;Dr Koblan Huberson;+225 20 37 33 12;rue des agouas - face au gd marche d'adjame
Pharmacie  Du Marche;Dr Konan Kouame;+225 22 40 34 64;
Pharmacie  Du Marche Gouro;Dr Nda Jean Emmanuel;+225 20 38 83 83;adjame marche gouro- a cote de la banque atlantique
Pharmacie  Du Memorial;Dr Kouassi Kouassi;+225 20 32 36 90;residence signal - avenue 16 lamblin entre palais presidentiel  et ecole pratique chambre de commerce et d’industrie
Pharmacie  Du Monastere;Dr Kouame Christophe;+225 24 39 67 01 / +225  07 20 11 61;route d'abobo baoule - a 500 m carrefour sans manquer
Pharmacie  Du Palais De Justice;Dr Adam Diadhiou Atsepo;+225 20 21 95 66;55, bd clozel - face palais de justice - pres de la recette municipale
Pharmacie  Du Palais Des Sports;Dr Jean Pierre - Dr Folquet Thierry;+225 21 24 09 83 / +225 21 02 14 - 22;bd de marseille
Pharmacie  Du Palm Club;Dr  Tanoe Dominique;+225 22 44 20 90;rue du lycee technique - 18 logements bus n° 82
Pharmacie  Du Petit Marche;Dr Bitty Marie Noelle;+225 21 26 24 33;rue de l'eglise ste therese en allant vers  la pmi de marcory a 50 m du maquis "le vatican" bus n° 32
Pharmacie  Du Plateau;Dr N'Dia Gisèle;+225 20 22 79 70;immeuble botreau roussel- face immeuble pyramide et la bceao
Pharmacie  Du Plaza;Dr Kouakou Jacques;+225 21 24 03 39 - 13 33;avenue 1 - immeuble treich-center - face a la gare des bateaux-bus sotra  de trechville
Pharmacie  Du Port;Dr Adoux Marthe;+225 21 25 21 29 / +225 01 07 48 12;bd de vridi - marche aux poissons et sotra
Pharmacie  Du Progres;Dr  Kacou Elisabeth;+225 20 37 15 25;face eglise st kizito
Pharmacie  Du Progrès (Grande Pharmacie);Dr Momine Kesse Roch;+225 23 46 59 02  YOPOUGON MAROC - 5O M DE LA STATION IVOIRE OIL;
Pharmacie  Du Rail;Dr Tchimou Lucien;+225 24 39 01 82;abobo sagbe - derrière rails
Pharmacie  Du Rocher;Dr Adon Jean-Jacques;+225 20 37 70 63;adjame nord - marche bramakote
Pharmacie  Du Rond Point;Dr N'Guessan J. Pierre;+225 21 01 59 47 / +225 07 32 43 76;attecoube terminus 04 - quartier ebrie (bidjante)
Pharmacie  Du Soleil;Dr Sibailly Arsene;+225 21 36 05 98;angle avenue i et bd du gabon a 200 m des ptt
Pharmacie  Du Terminus;Dr Daipo Guy;+225 20 32 17 15;rue treich-lapleine-immeuble afram (ex-monoprix) -face gare sud sotra
Pharmacie  Du Tiama;Dr Ollo Berrah;+225 20 21 34 18 / 33 64;angle bd. de la republique et av. jesse owens - face hotel tiama
Pharmacie  Du Vallon;Dr  Coulibaly Mayele;+225 22 41 35 14;a cote du cash center des deux plateaux
Pharmacie  Dunia;Dr  Kone Soro Fatou;+225 22 52 99 99;ii plateaux 7eme tranche - route d’attoban - 50 m commissariat 30eme arrondssement
Pharmacie  D’Abobo Baoule;Dr Yoboue Heo Husses Serge;+225 24 48 27 54;route d’alepe - au terminus des taxis woro woros
Pharmacie  Eau Vive;Dr  Boni Andre Marie Carmen;+225 22 47 34 45 / +225  58 03 58 00;route abata - carrefour supermarche abcenter
Pharmacie  Eden;Dr Koffi Herve;+225 23 53 12 15 / +225 01 01 33 33;yopougon toit rouge - route d’abobodoume - carrefour segbe
Pharmacie  Elite;Dr Assoma Michel Henri;+225 21 35 11 19;bd giscard d'estaing pres de dhl
Pharmacie  Es'Bia;Dr Sobro Outou Salomon;+225 21 28 08 88;bd du gabon - marcory a cote la clinique la madone
Pharmacie  Espace Sante;Dr  N'Dia Koffi Delphine;+225 22 41 21 03;bd latrille - carrefour route du zoo
Pharmacie  Esperance;Dr  Bayoh Kalidja;+225 22 50 58 98 / +225  05 69 46 85;derriere le marche et la mosquee de la djibi
Pharmacie  Espérances;Dr Binde N'Draman Augustin;+225 23 46 94 23;niangon sud a droite - carrefour lokoa - route accademy de la mer terminus bus 39
Pharmacie  Esther;Dr Akely Aka;+225 23 46 39 36;yopougon niangon a droite - cite caféier
Pharmacie  Fanny;Dr  Fanny Mama Toure;+225 21 36 09 07;aklomiabla apres les residences agoutis - carrefour du lycee municipal terminus bus 05 & 32
Pharmacie  Fatima;Dr Traore Sibiri;+225 20 37 29 10 / +225 02 56 10 10;attecoube carrefour du pont
Pharmacie  Flora;Dr Cissoko Béatrice;+225 21 24 05 91;pres du commissariat du 2eme arrondt. et cinema vox
Pharmacie  France Afrique;Dr Toure Fadiga;+225 21 24 18 19;angle avenue 2 rue 5 - face cite policiere & stations shell & mobil
Pharmacie  Fraternite;Dr Bosse Dallet;+225 20 38 12 38;pres maternite th. houphouet boigny quartier fraternite
Pharmacie  Gabriel Gare;Dr Taki Lydie Epse Amon;+225 02 76 05 36 / +225 07 68 27 20;yopougon gare - zone gabriel gare - pres de l’ecole des sourds
Pharmacie  Galilee;Dr Gnaly Otro Moise;+225 21 28 81 20;angle bd antannarivo - rue geo andre - face base cie koumassi
Pharmacie  Gaudo;Dr Kouadio Cesar Auguste Gaudo;+225 21 36 22 51;koumassi rda - ligne bus 26 -200 m carrefour college ajavon vers sicogi -3eme tranche pres du kalum bar
Pharmacie  Gnimah;Dr Assoumou Nzi Danielle;+225 23 46 54 89 / +225 01 88 48 86 / +225 58 55 12 63;yopougon port bouet ii - pres ancienne gare 2eme arret du bus 39sur entree principale - a 200 m  ancienne mosquee
Pharmacie  Hermes;Dr Mbassidje Kouao;+225 22 50 10 32;deux plateaux angre 9eme tranche pres de la cnps entree cite star 12
Pharmacie  Imann;Dr Doumbia Cissoko Mariame;+225 21 25 13 14 / +225 21 25 13 15;treichville bd marseille entre sari – peugeot et ets bernabe - face ci-telecom
Pharmacie  Inchallah;Dr  Agnimel Marina Benedicte;+225 21 36 47 01 / +225 01 53 99 99;koumassi remblais pres du carrefour sans fil a 50 m du groupe scolaire entente
Pharmacie  Iroko (Gde);Dr Allah Kouadio;+225 21 56 43 53;koumassi remblais - ligne bus 32 pres ecole bad 5
Pharmacie  Irys;Dr  Messou Kraidi A. Marie Merici;+225 24 48 48 05;abobo anonkoua koute a l’entree du village - place parking
Pharmacie  Jean Pierre Sarl;Dr Koua Stéphane;+225 23 46 30 03 / +225 40 44 14 76;niangon sud - terminus bus 39 face carrefour ancien jatak
Pharmacie  Jeanne D’Arc;Dr Boua Kadjo Daniel;+225 21 24 04 74;treichville avenue 12 rue 5 (ex cite ran)
Pharmacie  Kahira;Dr  Traore Djeneba;+225 21 36 39 84;koumassi les remblais bd du cameroun ligne - bus 05 apres paroisse ste bernadette
Pharmacie  Kana;Dr  Anzouan Kacou Epse Djedji;+225 20 37 96 49 / 96 52;adjame habitat extension pres du petit marche
Pharmacie  Kann’Sy (Ex Phcie Jovinal);Dr  Kouame Assacy Nathalie;+225 65 12 96 97;zone du commissariat du 14eme arrondt. - face gde mosquee en construction ligne bus n° 49
Pharmacie  Keneya;Dr Doukoure Moustapha;+225 23 45 33 81 / +225 23 45 44 65;
Pharmacie  Kennedy;Dr  Kassi Danho Juliette;+225 24 39 43 73;entree quartier kennedy-clouetcha - 400 m du carrefour sans manquer
Pharmacie  Koro;Dr Diarrasouba Karim;+225 07 81 47 18;adjame quartier marie therese houphouet boigny a cote college montherlant batiment b
Pharmacie  Koute;Dr Sissoko Biot;+225 23 45 39 39;300 m du central telephonique
Pharmacie  L'Emmanuel;Dr Adou Assoikou Alexis;+225 20 38 40 17;carrefour des ii plateaux  entre station shell & depot sotra
Pharmacie  La Délivrance (Nouvelle);Dr Gosso Franck Gerard;+225 23 51 13 79;yopougon andokoi - zone industriel pres dépôt sotra - cash center
Pharmacie  La Djibi;Dr  Dempah Brigitte;+225 22 52 23 76;3eme rue a gauche – apres terminus bus 81 1 82 - dans le centre  commercial de la djibi
Pharmacie  La Grace;Dr Koreki Michelle;+225 21 35 38 79;rue 12 avenue 14
Pharmacie  La Paix;Dr Kadjo Thokout Evrard;+225 24 39 83 31;abobo anador carrefour sodeci - cote anador -  face gs nanti  - 200m route du zoo
Pharmacie  La Vie;Dr Kouadio Armand;+225 23 46 66 33 / +225 58 17 29 19;yopougon rond point du chu - face eglise cma
Pharmacie  Lanvia;Dr Diomande Moussa Sinze;+225 49 86 82 15 / +225 21 21 24 00;zone 4c rue pierre & marie curie
Pharmacie  Las Palmas;Dr  Diakite Fatoumata;+225 22 42 14 79 / +225 01 21 65 65;ii plateaux – aghien - bd latrille - carrefour las palmas
Pharmacie  Latrille;Dr  Dano Patricia;+225  22 41 03 68  /  +225 03 76 30 40 / +225 57 49 08 40;bd latrille  face l'ena
Pharmacie  Lauriers Attoban;Dr Abong Jean Jacques;+225 08 43 54 94  / +225 65 05 63 61;riviera  attoban - derriere l’eglise st bernard - carrefour des cites lauriers 3 et 4 -  abri 2000 - oscarines
Pharmacie  Le Belier;Dr  Ly Somali Awa;+225 20 37 12 16 / +225 57 49 38 59;arret de bus du gd bloc 220 lgts - entre liberte & fraternite
Pharmacie  Le Jourdain;Dr Diolori A. Lyliane;+225 23 46 06 33 / +225 58 09 46 37;yopougon niangon nord - route de la cite verte
Pharmacie  Le Méridien;Dr Abe Sylvestre;+225 21 28 27 00 / +225 07 89 09 85;marcory gfci bd du cameroun dans le centre commercial
Pharmacie  Le Trefle;Dr Lassey Danielle;+225 20 22 88 02;av. nogues -  angle av.  7 - residence nogues
Pharmacie  Lea;Dr Zodo Myriam;+225 23 46 02 15;carrefour niangon nord-sud - bus 44 27 39
Pharmacie  Lem (Nouvelle);Dr Kouakou Koffi;+225 23 45 16 15;a 300 dr du cinema saguidiba en allant vers sideci
Pharmacie  Leon Ange;Dr  Akomien Annick Marie;+225 01 35 08 12 / +225 09 84 14 02;abobo face cite policiere en venant du terminus des bus 15 et 49
Pharmacie  Les 4 Saisons;Dr  Badini Mariame;+225 21 01 11 10;plateau dokui extention  carrefour lycee adama sanogo - voie allant de la sodeci au lycee adama sanogo
Pharmacie  Les 7 Colonnes;Dr  Sanle Yvonne;+225 22 44 02 96;cite des arts entre carrefour rti & carrefour de la vie - face sodemi
Pharmacie  Les Arcades;Dr  Diomande Toumoutouka;+225 22 50 62 25;djibi 8ème tranche  - terminus bus express 205
Pharmacie  Les Archanges;Dr Sanle Jean Cresort;+225 21 35 87 66;bd de marseille face palais des sports
Pharmacie  Les Beatitudes;Dr Kouassi L. Dominique;+225 23 52 27 47 / 49;yopougon nouveau quartier - 1er arret bus n° 37 - face station sapeet eglise winner’s chapel - non loin de l’espace liberte fpi
Pharmacie  Les Écluses;Dr Kouassi Atta Raoul;+225 23 53 23 17 / +225 03 30 50 89;yopougon andokoi entre depot sotra et college minerva
Pharmacie  Les Elias;Dr  Emmou Dioumency Angele;+225 22 43 28 85;riviera golf pres des bureaux de la sicogi- carrefour elias - tours sicogi et jardins - 3, rue d 46
Pharmacie  Les Elysées;Dr Morigbe Silue;+225 23 46 84 85;quartier maroc face cite les elysees - a gauche apres le nouveau marche de port-bouet ii
Pharmacie  Les Harmonies;Dr Diarra Ismail;20 22 04 92 / +225 02 02 04 76 / +225 60 50 22 78;non loin du camp militaire galieni - 20 m de la gare sotra de la cite administrative  bd carde face immeuble les harmonies
Pharmacie  Les Mimosas;Dr  Aka Bobo Edwige;+225 22 44 32 28 / 35;
Pharmacie  Les Oliviers;Dr Mangoua Jose;+225 23 45 09 62 / +225 57 49 23 00;1er pont face station shell de l’institut des aveugles - entre agence green et discount
Pharmacie  Les Perles;Dr  Konan Annette;+225 22 42 39 85;residence les perles aghien - par bd latrille - tourner a gauche apres la bhci & l’oms - carrefour petroci
Pharmacie  Les Remblais;Dr Anouma Dingui Madeleine;+225 21 26 25 40 / 37 58;marcory sans fil - face commissariat du 26eme arrodnt. - (alliodan)
Pharmacie  Les Rosiers;Dr  N'Zi Yipo Yolande;+225 22 49 21 67 / 66;riviera palmeraie - rosiers  programme  3 - rond point ecole kouadio assahore  terminus bus 210
Pharmacie  Les Tulipes;Dr Coulibaly Assane;+225 22 42 50 17;ii plateaux bd latrille - espace santa maria - face mosquée d’aghien
Pharmacie  Livie;Dr Bouabre E. Annick;+225 22 47 48 78  / +225 02 98 98 92 / +225 49 50 84 78;akouedo village entre dispensaire et gare des woro woro - non loin de la cite atci
Pharmacie  Lotus;Dr Kouao Bile Ramatoulaye;+225 23 45 06 66;niangon sud a gauche - terminus bus 27
Pharmacie  Luminance K.;Dr Kouakou Konan N. Yvette;+225 22 50 49 26;cocody angre la djibi groupement 4000 batim-ci 300 m de la mosquee d’angre et du centre de sante
Pharmacie  Magnificat;Dr Loba Martin;+225 24 39 51 67;route anyama non loin depot sotra 9 abobo avocatier (pres du marche de nuit)
Pharmacie  Mahandiana;Dr Fofana Kalilou;+225 21 26 21 62 / +225 57 04 86 36;marcory sicogi - zone de l’eglise ste bernadette - derriere le marche
Pharmacie  Makissi;Dr Naho Yezou Laurent;+225 20 37 70 39;220 lgts - place du cinema liberte
Pharmacie  Malon;Dr Kourouma Idrissa;+225 21 27 96 14 / +225 07 90 68 50;port bouet quartier hopital-  pres de la grande mosquée
Pharmacie  Manzan;Dr  Attobra Akpangny Elisabeth;+225 24 39 14 96;carrefour alepe sans manquer vers abobo gare
Pharmacie  Marcory Ptt;Dr Harding Yolande;+225 21 26 98 83;bd du cameroun 200 m de la poste de marcory - derriere le cours lamartine - bus 00
Pharmacie  Marie Esther;Dr N’Guetta Kouao Alain Claude;+225  22 49 53 23 / +225 22 49 03 30;riviera palmeraie - rosiers programme  4 - route du lycee saint viateur
Pharmacie  Marthe Robin;Dr Assouakon J. Claude;+225 22 45 03 24 / +225 05 30 23 35;riviera  palmeraie cite sipim 3 - face espace vert - route st viateur
Pharmacie  Massarana;Dr Armand Kassi Georges;+225 21 28 20 48- 21 26 57 74 / +225 40 50 79 65;angle bd gabon - avenue de la cote d'ivoire - contigue a l'ex hotel massarana
Pharmacie  Matene;Dr  Traore  Matenin;+225 24 39 20 32;abobo nord pres du gd bazar - 30 m de la cite de la gendarmerie
Pharmacie  Maty;Dr Traore Aissata;+225 23 46 27 15 / 27 80 / +225 04 98 60 25;yopougon niangon nord - entre station lubafrique & college  anador
Pharmacie  Megane;Dr Bonny Malick Olivier;+225 21 25 35 57;6, rue des brasseurs zone 3 - carrefour sococe – safca - face tati
Pharmacie  Mermoz;Dr  Coulibaly Momo;+225 22 48 74 26;avenue jean mermoz - a l'entree de la cite sogefiha
Pharmacie  Merouane;Dr Fofana Coulibaly Aminata;+225 21 24 09 29;avenue 16 rue 25 - face station total
Pharmacie  Mesano;Dr Messou Anoi;+225 21 36 21 90;derriere l'eglise de prodomo
Pharmacie  Michel Archange;Dr N'Douba Kwessi Ange;+225 23 46 28 14 / +225 23 46 27 93;yopougon cite verte 100 m du terminus bus 44
Pharmacie  Milie Hevie;Dr Kouao Aka;+225 24 39 04 00;route d’anyama - pk 18 - terminus bus 76
Pharmacie  Miria;Dr  Kane Brigitte;+225 24 39 55 07;route du zoo - carrefour jean tailly en face du marche des grossistes bus n° 49 & 76
Pharmacie  Moaye Yopougon;Dr Koffi Guy Roger;+225 07 91 65 53 / +225 02 50 14 60;yopougon niangon adjame route de dabou pres du cimetiere municipal
Pharmacie  Moderne Mazuet;Dr Kouassi Parfait;+225 20 32 96 64 / +225 22 21 31 / +225 33 19 55;4 rue du commerce
Pharmacie  Mont Carmel;Dr  Assamoi Aya Jacqueline;+225 22 500 758 / +225 03 424 283;riviera les rosiers 5eme programme  a proximite de l’hotel bellecote
Pharmacie  Montana;Dr  Andoble Yao Brigitte;+225 07 36 57 30;attecoube vers terminus bus 09 - face ecole faidherbe
Pharmacie  Mpike;Dr  Kouassi Nogbou Catherine;+225 21 36 25 75;quartier mairie - derriere la mairie de koumassi
Pharmacie  Myriam De Biafra;Dr Kone Tano Yolande;+225 21 35 76 84;quartier biafra - angle avenue 2, rue 29 - bus 74 - 11 – 04
Pharmacie  M’Pouto;Dr Soundele G. Clement;+225 08 46 21 38 / +225 21 01 43 51;riviera m’pouto - entre quartier ciad promo et cite world city
Pharmacie  Nanan Yamousso;Dr Diaby Daouda;+225 21 24 23 15;angle av. 13 & rue 38
Pharmacie  Nankoko;Dr Afolaby C. Anne;+225 23 45 24 80;yopougon camp militaire entre sapeurs pompiers et cnps
Pharmacie  Niacadie;Dr Ouegnin Niacadie Marie-Laure;+225 20 21 70 68;place du marche
Pharmacie  Niangon Lokoa;Dr Kone Fantha Epse Mambo;+225 23 45 07 80 / +225 01 25 91 24;yopougon niangon lokoa - situe apres le lycee ehivet gbagbo
Pharmacie  Niangon Nord;Dr N'Dri N'Guessan Simone;+225 23 46 32 99;yopougon niangon nord - route de dabou entre sicogi academie de la mer et la cite verte- bus 44
Pharmacie  Nissi;Dr Sika Charles;+225 23 53 02 06;yopougon sopim - ancien bel air avant carrefour college st louis - zone du marche gfci - face maquis le "pitch"
Pharmacie  Noemie S.A.R.L;Dr  Anon Kouame Sendra;+225 22 52 20 51 / +225 48 64 67 64;cocody ii plateaux - carrefour les oscars derriere le glacier les oscars
Pharmacie  Notre Dame;Dr Aka Anghui Hortense;+225 21 24 10 60 / 14 64;avenue 21 rue 38
Pharmacie  Notre Dame De Fatima;Dr  Oulai Messe P. Angele;+225 07 77 21 49 / +225 02 86 89 34;abobo plateau dokui - sur voie mobil-angre - face paroisse ste monique
Pharmacie  Notre Dame De La  Paix;Dr Ane Mian B. Juliette;+225 23 45 61 97;km 17 (adiopodoume) route dabou ancien bâtiment chaine avion - pres station shell
Pharmacie  Notre Dame De La Visitation;Dr Acho Sylvain;+225 41 36 36 92 / +225 58 60 96 21;ii plateaux face au 12ème arrondissement
Pharmacie  Notre Dame Des Graces;Dr Djaha Kouassi Claude;+225 22 43 61 96;riviera ii pres de la petite mosquee
Pharmacie  Notre Dame Des Victoires;Dr N’Cho Niamkey Aurore;+225 23 52 33 16;attecoube mossikro- a 200 m du carrefour locodjoro - en allant vers toits-rouges
Pharmacie  Notre Dame D’Afrique;Dr Amari Nicaise;+225 21 25 25 26;37 bd de marseille - face college notre dame d’afrique
Pharmacie  Nouveau Quartier;Dr Mensah L.  Jonas;+225 23  45 00 85;pres stade municipal de yopougon - groupe scolaire v. schoelcher
Pharmacie  Nouvelle Pergola;Dr Ake Nguessan;+225 21 24 48 27;marcory bietry - angle bd de marseille & rue pierre & marie curie
Pharmacie  N’Gohesse;Dr N’Gohesse Parfait;+225 24 39 94 67;plaque i  - entre le foyer féminin et le marche de nuit
Pharmacie  Ode;Dr Aho Akandan T. Michel;+225 21 25 39 27;rue 38 treichville
Pharmacie  Palais De La Culture;Dr Sekere Ambroise;+225 21 24 13 19;avenue 2 rue 20 barree
Pharmacie  Palmeraie;Dr Mbahia Yao K. Honore;+225 22 47 91 19;riviera iii - palmeraie route de bingerville apres le barrage de police  feux tricolores - a gauche (50 m)
Pharmacie  Paloma;Dr Tape Legrohouan;+225 23 45 15 44;yopougon gare sable
Pharmacie  Perusia;Dr Dibi Irene;+225  21 35 78 85;marcory residence -immeuble manouchka - rue du canal zone 4c
Pharmacie  Phalènes;Dr Doue Fofana Hawa;+225 23 46 01 83 / 71 / +225 01 13 81 75;niangon sud a gauche - eglise des assemblees de dieu
Pharmacie  Pierre & Marie Curie;Dr Dem Brahima;+225 21 35 80 30;centre commercial francisco - a cote de renault et super eden
Pharmacie  Place De La République;Dr Sangare Assana;+225 20 21 57 78 / +225 21 15 6510;av. houdaille pres de la tour eeci
Pharmacie  Principale;Dr Ouattara Cécile Yeo Tenena;+225 23 45 07 07;yopougon attie sur le bd principal - face a ficgayo arret bus station esso  - bus 27 - 38 - 40 – 83
Pharmacie  Principale;Dr  Dable Gaba;+225 21 01 68 79 / +225 21 01 68 10;
Pharmacie  Principale D’Abobote;Dr Djaha Kouassi Claude;+225 24 49 48 19 / 53 22;petit marche d’abobote - pres de la gare des taxis woro woro
Pharmacie  Quartier Divo-Koumassi;Dr Gbane Aliadji Daouda;+225 46 20 86 59;koumasi quartier divo - entre le maquis « calao » et le « caniveau »
Pharmacie  Quartier Ebrie;Dr Lambin Christian;+225 20 37 12 56;face gare stiff daloa
Pharmacie  Quatre Etages;Dr  Traore Boni Desiree;+225 24 39 06 62;en face des 4 etages et a 100 m de la formation sanitaire d'abobo nord
Pharmacie  Rapha;Dr Dasse Philippe;+225 20 37 96 88;williamsville 3 - en allant vers macaci - face boulangerie bmw
Pharmacie  Reboul;Dr  Allou Diaha Christiane;+225 20 37 99 98;avenue reboul - 150 m des sapeurs pompiers de l'indenie - bus 82  81 35
Pharmacie  Rehoboth;Dr Seka Y. Claude Richard;+225 01 07 48 17;attecoube quartier ciscom pres de la maternite
Pharmacie  Riviera Iii;Dr Kangah Felix;+225 22 47 56 16 / +225  09 01 01 84;route du lycee français  face lycee americain  (base onuci)
Pharmacie  Roeddendt;Dr Kogbo Wondji;+225 20 37 98 33;rue du dispensaire antituberculeux - face marche gouro (ex locaux cofruitel)
Pharmacie  Rond Point Du Chu;Dr Bleu Laine Simone;+225 21 35 73 03;40 bd de marseille - face bicici-sud - bd de marseille
Pharmacie  Route D’Akeikoi;Dr Sai Donh Gbato;+225 24 39 97 22 / +225 05 61 64 88;abobo colatier sur  la voie menant a akeikoi
Pharmacie  Route D’Anyama;Dr Die Offey Juste;+225  04 80 73 97 / +225 23 55 82 40;abobo pk 18 - route d’anyama face ex unicafe
Pharmacie  Roxanne;Dr Attie Jean Philippe;+225 23 45 70 75 / +225 03 58 90 84;yopougon cite cie
Pharmacie  Roy;Dr Allangba  Esther;+225 21 24 09 13 / 21 25;place du marche
Pharmacie  Rue 12;Dr Alloh Benon Alimata;+225 21 24 53 91;rue 12 avenue 12 face bicici et city sport
Pharmacie  Rue Ministre;Dr Gassaud Marcel;+225 22 49 51 77;riviera palmeraie - rue dite rue ministre - au carrefour agitel
Pharmacie  Sacre Cœur;Dr Attia Marie Laurence;+225 05 60 59 02 - 02 68 91 98 / +225 01 44 45 13;yopougon nouveau quartier - zone de la poste pres du top pain
Pharmacie  Safir;Mlle Tolo Awa;+225 24 49 27 76;pk 18 - route d’anyama - derriere pont - place ancienne boulangerie route n' dotre
Pharmacie  Sandrina;Dr Betchie N'Guessan;+225 07 56 67 77 / +225 40 65 85 27;yopougon ananeraie zone carrefour de la sorbonne sous l’immeuble - (résidence finassorine)
Pharmacie  Sante De Vie;Dr  Tia Lou Boti Dr Chantal;+225 22 42 05 22 / +225 06 35 93 05;ii plateaux les perles fin de la rue principale - cite sanon pres de la poste
Pharmacie  Sante Plus;Dr Adja Bossoma Marguerite;+225 23 52 58 66;yopougon gesco - autoroute du nord pres de la station shell
Pharmacie  Sarah;Drv Sangare Lancine;+225 20 39 03 57;adjame 220 lgts - route camp gendarmerie agban - centre commercial carine n couture - face quartier chicane
Pharmacie  Schekina;Dr Tchuere Alexis;+225 23 52 11 31;yopougon siporex rue deu marche gouro « viande de brousse »
Pharmacie  Sebroko Sarl;Dr Gbocho  Sosthene Edgar;+225 20 37 67 48;pres du grand marche d’attecoube
Pharmacie  Segai;Dr Doue Patrice;+225 23 52 21 10;yopougon wassakara - face au marche
Pharmacie  Selmer;Dr Acafou Aime Placide;+225 23 46 11 63 / +225 01 33 07 33;yopougon selmer au carrefour baron a 100 m de la mairie (axe william ponty – marie)
Pharmacie  Seneve;Dr Dje Karamoko;+225 20 37 11 04 / +225  08 15 11 59 / +225  66 05 66 50;pres de la gare utb adjame
Pharmacie  Sideci Extension;Dr Kouame N’Dri;+225 23 51 23 34;sideci carrefour mandjo entre palais de justice et le pont restaure
Pharmacie  Siloe;Dr Kouame Anne Marie;+225 23 52 03 40 / +225 05 87 27 99;yopougon anananeraie - 300 m du carrefour chu de yopougon direction route de dabou
Pharmacie  Siporex;Dr Amangoua Tano Adjo;+225 23 45 29 03 / +225 45 26 96;pres de la gare yopougon ancienne route
Pharmacie  Sogefiha;Dr Kouame Thierry;+225 24 39 00 51;entre commissariat du 15eme et station mobil - bus 41-08-49
Pharmacie  St Albert;Dr Assavo N’Da N’Zian;+225 21 28 76 04 / +22521 28 75 99;koumassi gd marche - face eglise methodiste cite des graces
Pharmacie  St Alexandre;Dr  Bokra Regine Oulaye;+225 02 02 48 06;pk 18 interieur residences concorde de la sicogi
Pharmacie  St André;Dr Kone Landolo Alphonse;+225 23 46 58 77 / +225 57 49 23 06 / +225 20 01 01 85;yopougon sicogi - apres la cathedrale st andre
Pharmacie  St Ange;Dr  Yapi Sopie Mathilde;+225 22 43 45 04;riviera ii route d’attoban - pres du college andre malraux
Pharmacie  St Antoine;Dr N'Guessan Guillaume;+225 21 35 27 00 / +225 01 08 69 25;marcory zone 4 - rue dr blanchard pres du centre sportif zirignon
Pharmacie  St Athanase;Mme Allah Kouadio Anne Marie;+225 22 43 55 87;riviera ii - route d’anono - carrefour garage face miesa (mission evangelique  du st esprit en action)
Pharmacie  St Bernard;Dr  Adouko Aka Marie;+225 22 43 65 46 / +225 22 43 66 21;cite attoban - pres de cipharm - par carrefour riviera ii - tourner vers  groupe scolaire andre malraux et tout droitou par la rue des  ii plateaux voie d'acces face restaurant nuit du saîgon"
Pharmacie  St Clément;Dr Sonhon Anet;+225 23 46 62 36;yopougon face au chu
Pharmacie  St Come Et Damien;Dr Konan Akissi J.;+225 22 49 22 49;riviera bonoumin operation laurier 6 zone akouedopalmeraie extension - abata
Pharmacie  St Dominique;Dr Diomande Sigui Gbey;+225 22 48 79 89;face college jean mermoz
Pharmacie  St Emmanuel;Dr Nobou Nobou Didier;+225 20 37 98 27 / +225 02 69 19 38;bd general  de gaulle - quartier mirador face idr uble sicogi - 30 m du carrefour
Pharmacie  St Etienne;Dr Yapo Franck Désiré;+225 01 13 24 13;attecoube - abobodoume face marche poisson carrefour pinasses pres du terminus bus 36 - 42 - 44 - 47 de la sotra
Pharmacie  St Francois;Dr  Dreessen Anna Maria;+225 21 36 21 77;angle av. 9 & rue 11 - prolongement bd du gabon en allant vers prodomo
Pharmacie  St Francois De Danga;Dr  Carrette Ouegnin Elisabeth;+225 22 48 54 08;face centre culturel americain - cocody danga - prolongement poste de cocody
Pharmacie  St Francois Xavier;Dr Yapi Honore;+225 24 39 66 02;abobo sogefiha - 300 m du 15 eme arrondissement
Pharmacie  St Gabriel;Dr  Amon Yolande;+225  22 42 58 35;bd latrille 900 m du sporting club en allant vers angre face perles grises - bus 81 & 82
Pharmacie  St Gil - Dr Assi Achou Hippolyte;Dr Assi Achou Hippolyte;+225 22 41 94 10 / +225 22 41 15 42;ii plateaux rue des jardins - face station texaco avant l’echangeur vers l’ecole de police
Pharmacie  St Jean;Dr  Creppy Francine;+225 22 44 62 49;bd latrille face cite rouge
Pharmacie  St Joseph;Dr Vei Bernard;+225 21 24 45 19 - 45 20;carrefour  paul langevin et bd du 6 decembre face restaurant "le sultan"
Pharmacie  St Joseph;Dr  Kouame Houssou Christine;+225 22 49 39 26;riviera palmeraie rue ministre face complexe sportif
Pharmacie  St Joseph;Dr Boni Joseph Henri;+225 22 41 10 20;rue des jardins face clinique les bleuets
Pharmacie  St Lazare;Dr Djouka Amanvi Aubert;+225 20 33 12 68 / +225 01 77 89 97;1,rue colomb , batiment cash center plateau (face hotel du district)pres station pride petroleum non loin de la sgbci et de la brs
Pharmacie  St Louis;Dr  Vabre Tanoh;+225 21 36 04 15;bd du cameroun - face a epp-baradji apres zone remblais - entre eglise st. francois & eglise prodomo - ligne bus 05
Pharmacie  St Lucien;Dr  Ibo Odi Catherine;+225 21 28 84 80 / +22507 57 03 74;koumassi sicogi iii - face depot sotra - dernier arret bus 25
Pharmacie  St Martin;Dr Esso-Essis Epse Kakou Marie-P.;+225 23 51 96 46;yopougon sideci - face collège iges
Pharmacie  St Michel;Dr  Sibally Assamoi;+225 20 37 09 06;avenue 13 - a 50 m de l’eglise st michel - en face du ceg-harris
Pharmacie  St Paul;Dr Tra Bi Lala Paul;+225 21 36 19 28;koumassi nord est  akromianbla non loin du terminus 32 - pres de l’hotel le recul
Pharmacie  St Paul;Dr Komoe K. Anselme;+225 22 49 29 01;sis riviera palmeraie - bonoumin carrefour cite presse (syninfo)en face de la residence des freres du sacre cœur
Pharmacie  St Pierre D'Anono;Dr Enoh Serge;+225 22 43 90 56;cocody-riviera - zone de la gare
Pharmacie  St Pierre Des Rosees;Dr Kouadio Kokora;+225 22 47 42 17;route du lycee français
Pharmacie  St Raphael;Dr Gbonon Rosalie;+225 01 82 97 97 / +225 08 97 11 71;yopougon cite novalim quartier eeci - non loin de la clinique ste rita de cascia
Pharmacie  St Raphael Archange;Dr  Gabla Toutoukpe Liliane;+225 22 49 08 20 / +225 40 34 08 94;riviera palmeraie sur la rue ministre
Pharmacie  St Sauveur;Dr Gohean Doho  Bertin;+225 21 36 69 93;koumassi zone cnps face eglise « buisson ardent» non loin de la station  mobil
Pharmacie  St Sylvestre;Dr Mpoue Carlos;+225 22 40 27 88;cite palma - face restaurant coup de frein
Pharmacie  St Uriel;Dr  Affro Jocelyne;+225 20 37 23 75;entrée residence paillet - route d’abobo
Pharmacie  Ste Adèle;Dr Yayo Sagou Serge;+225 21 25 47 00 / +225 40 23 59 63 / +225 66 36 43 58;treichville facade arriere du marche de belle ville - face habitat quartier craonne
Pharmacie  Ste Agathe;Dr Nebavi N'Guessan G. F.;+225 21 56 51 88 - 89;koumassi remblais rue du canal - a cote du college la colombe
Pharmacie  Ste Agathe;Dr  Detoh Epse  Kone Isabelle;+225 22 47 48 19;riviera iii route du lycee francais
Pharmacie  Ste Anne;Dr Abole Sopie Ange Brigitte;+225 20 22 69 00 / +225 20 22 74 02;1 rue lecoeur plateau face ambassade de france
Pharmacie  Ste Aude;Dr Kouassi Konan Raphael;+225 23 52 28 87 / +225 07 03 8018 / +225 05 55 84 62;yopougon banco ii entre carrefour siporex et rue denommer e nouveau goudrou
Pharmacie  Ste Beatrice Des Rosiers;Dr Cowppli-Bony;+225 22 47 01 72;carrefour palmeraie - sci les rosiers face quick market
Pharmacie  Ste Cecile;Dr Brou  Anne;+225 22 42 63 35;face eglise ste cecile terminus bus 35 gobelet
Pharmacie  Ste Croix;Dr Deroux Bouho Victor;+225 24 39 36 73;abobo camp commando pres clinique medicale de l’etoile route b.c.
Pharmacie  Ste Famille;Dr  Diakite Serie Marie Cecile;+225 22 47 76 76;riviera iii allabra - par le bd mitterrand- 100 m de l'eglise ste famille
Pharmacie  Ste Foi;Dr Soumahoro Amara;+225 21 56 17 40;koumassi terminus bus 05 - face lycee municipal
Pharmacie  Ste Harmony;Dr  Kouassi N. Beatrice;+225 22 52 39 97;quartier djibi - voie principale - 400 m apres terminus bus 82 – 81 - pres du super marche discount
Pharmacie  Ste Jeanne;Dr Mangoua Regina;+225 21 24 57 41;entree marche de belleville - face station petro ivoire
Pharmacie  Ste Marie;Dr Logon Marie Antoinette;+225 23 45 24 24;yopougon andokoua - face pont pieton - a cote de la station total
Pharmacie  Ste Marie;Dr  Kattie Ebagnitchie  Laurence;+225 22 48 69 20;cocody bd france - immeuble biao a cote de la maison du pdci rda
Pharmacie  Ste Marie Des Beatitudes;Dr  Lamine Lachiroy;+225 22 49 11 49 / 50;riviera palmeraie - sci les rosiers 1er programme  en face de la barriere 6
Pharmacie  Ste Marie D’Adjame;Dr Digbohou Stephane;+225 20 37 54 44 / +225 20 37 54 46;centre commercial de la poste 03 - rue harriste cote parking payant  derriere commissariat du 3eme arrondissement d’adjame
Pharmacie  Ste Marie-Majeure;Dr Aka Lyne Wayou;+225 21 25 54 07;marcory zone 4c - rue du canal - face immeuble les elfes
Pharmacie  Ste Monique;Dr Kra Koffi Raoul;+225 22 42 01 09;rue  angre – plateau dokui - 700 m du bd latrille
Pharmacie  Ste Odile;Dr Niamke Olivier;+225 24 39 29 97 / 00 89;arret de bus plateau dokui- route du zoo- 150 m apres clinique l'amitie a l'interieur  du quartier plateau-dokui
Pharmacie  Ste Rita;Dr Sie. Goboh Chrisanette;+225 23 45 28 77;yopougon gare (sable) - trois caféiers
Pharmacie  Ste Rita De Cascia;Dr Guidy E. Cynthia Epse Creahi;+225 23 45 50 79 / +225 57 64 44 69;yopougon niangon nord non loin de l’eglise ste rita de cascia
Pharmacie  Ste Ruth;Dr Kabore Bouboutou Linda;+225 21 35 35 15;centre commercial prima
Pharmacie  Ste Therese;Dr Ayepa Georges;+225 21 26 77 10;avenue t.s.f
Pharmacie  Ste Trinite;Dr Nguessan Daniel;+225 22 41 68 88;carrefour bd latrille - route de williamsville - pres super marche prix choc - ligne bus 49
Pharmacie  Tehoua;Dr  Coulibaly Mouniratou;+225 24 39 13 13;autoroute d'anyama - 500 m apres gendarmerie d'abobo sur la droite
Pharmacie  Tereza;Dr Masumbuko Oumou;+225 23 01 20 00 / +225 08 05 06 85 / +225 65 22 04 48;yopougon sogefiha «  magasin »  - route niangon
Pharmacie  Tiacoh;Dr Tiacoh Julie;+225 21 26 28 15;carrefour autoroute & bd du gabon angle - rue pierre & marie curie
Pharmacie  Tima;Dr Coulibaly Yessoro Daniel Patrice;+225 09 86 16 83 / +225 47 50 84 84;face au lycee moderne d’abobo i & ii (lma) allignement biao gd marche
Pharmacie  Tizra;Dr Zamble Orphee Jean Michel;+225 23 50 04 47;yopougon toit rouge - rue groupe scolaire offoumou yapo - immeuble ancien bazar
Pharmacie  Toits Rouges;Dr Lasme Hermance;+225 23 45 16 93 / +225 01 62 35 59;
Pharmacie  Tsacoe;Dr Seka Aho Joel Richard;+225 24 39 15 02;2eme rond point autoroute abobo gare pres du college st joseph
Pharmacie  Tsf;Dr Ahoussou Vincent;+225 21 26 78 12;avenue tsf marcory -  face commissariat du 9ème arrondissement
Pharmacie  Valors;Dr Orsot B. Valentin;+225 23 51 80 41;yopougon face nouveau marche de port bouet ii
Pharmacie  Vridi Palm-Beach;Dr Tuan Yah Kanga Liliane Ep. Aka;+225 21 27 52 04 / +225 22 47 34 45 / +225 58 03 58 00;vridi bd petit-bassam-sir - carrefour vridi cite
Pharmacie  Vridi-Sir;Dr Degna Nicole;+225 21 27 02 60;pres epp lagune - cite sogefiha vridi - bd lagune ebrie
Pharmacie  Vridi-Village;Dr Koffi Emmanuel;+225 21 27 58 60;vridi canal - zone du rond point terminus bus 19 - non loin de la sir
Pharmacie  Wakouboue;Dr Ahipo Babo Gilles;+225 23 45 31 89 / +225 02 75 99 15;angle rue du marche sicogi face au lavage
Pharmacie  Wassakara;Dr Gauly Marie Claire;+225 57 49 23 01;yopougon wassakara (rue princesse) pres du carrefour cite sib
Pharmacie  Wharf Sarl;Dr Seka Attey M'Boya Armelle;+225 21 27 71 31 / 87 81;quartier derriere wharf route gd bassam - pres depot 8 de la sotra
Pharmacie  Yarapha;Dr Ackra Noel;+225 24 49 12 63 -12 60;abobo carrefour akeikoi -  derriere la cite universitaire
Pharmacie  Zahara;Dr Diallo Fatoumata;+225 20 32 20 28;rue du commerce cote peyrissac
Pharmacie Abobo Belleville;Dr Beugre Guy Claver;+225 24 39 91 84  / 91 96;abobo baoule - route d’alepe - au quartier belleville
Pharmacie Afia;Dr Ganmavo Epse Kahoa Y. Danielle;+225 07 46 12 50;quartier millionnaire pres du lycée de jeunes filles
Pharmacie Anoumabo;Dr Mockey Edouard;+225 21 26 02 07;face epp-anoumabo 1er arret bus 03 & 31
Pharmacie Babakan;Dr Babakan Kouakou;+225  07 09 27 45 / +225 21 28 94 57 - 45;koumassi campement - apres commissariat du 20ème arrdt. – face mosquee sangare
Pharmacie Beraca;Dr Konan Mensah Josette;+225 07 77 01 20 / +225 07 69 66 76;yopougon camp militaire petit toit rouge carrefour chapouli
Pharmacie Bethanie;Ebrottie Aney Frederic;+225 21 36 62 83;koumassi sicogi bia sud - route menant du camp commando a la zone industriellezone du petit marche sicogi a cote de la station vinko
Pharmacie Bethesda;Dr Lako Dago Gervais;+225 02 50 15 17 / +225 48 55 22 70;yopougon ananeraie entre la coopec & le college guicharolain
Pharmacie Celia;Dr Ouattara Soungalo Antoine;+225 23 45 62 34;yopougon banco ii - sur la route de dabou - carrefour lycée technique - bus n° 34 – 39
Pharmacie De L’Autoroute (Grande Pharmacie);Dr Taqui Cynthia;+225 23 52 61 75 - 58 46 / +225 01 05 26 77;yopougon gesco terminus bus 34 - entre carrefour siporexet carrefour nouveau goudrou - route du chu
Pharmacie Du Phare;Dr N'Guessan Boa Anima Francoise;+225 21 27 73 73;avenue des caraïbes pres du phare - terminus bus 12
Pharmacie D’Attinguie;Dr N'Gbeche Rosine Julie Joëlle;+225 23 47 43 30;
Pharmacie Ebathe;Dr Able Delphine;+225 21 56 77 15;avenue de la cote d’ivoire - non loin de la pmi de marcory
Pharmacie Ehile;Dr Ehile Roger;+225 21 36 45 44;bd du caire koumassi pres du gd marche - ligne bus 13
Pharmacie Fandasso;Dr  Sidibe Ahoure Marthe;+225 41 17 13 09;angre cite fandasso
Pharmacie Gbede;Dr Ozoukou Zega Frederic;+225 58 09 47 03;face dispensaire d’adjame - non loin du commissariat du 3eme arrondissement et du gd marche
Pharmacie La Maison Blanche;Dr Kone Aminata Epse Camara;+225 23 51 47 46 / +225 01 03 59 59;yopougon port bouet ii - maison blanche
Pharmacie Lagoma;Dr Gbato Wakell Francis;+225 23 52 70 70 / +225 07 05 57 93;yopougon carrefour academie - face cite cnps
Pharmacie Laoulo;Dr Koffi Kouame Raphael;+225 09 81 14 59 / +225 23 46 59 00;yopougon nouveau quartier - voie express face nouveau bureau sodeci
Pharmacie Leila;Dr Kone Makan;+225 21 26 72 94;marcory anoumanbo - alliodan (sans fil) - non loin de l’atci & de l’institut froebela 150 m du carrefour dje bi dje - bus n° 03 & 31
Pharmacie Mamy Adjoua;Dr Soumahoro Rockya Fatou;+225 225 23 51 37 78 / +225 67 59 96 46 / +225 58 17 62 26;yopougon non loin de la cite mamie adjoua
Pharmacie Nandy;Dr Nehouan Serge Pacôme;+225 23 45 51 12 / +225 01 20 56 62;yopougon carrefour koute par eglise st laurent entre terminus 40 et la cnps
Pharmacie Nouvelle St Laurent;Dr Kacou Edmond;+225 23 50 48 79 / +225 07 81 63 71;yopougon camp militaire - gare gbakas - 200 m terminus sotra - bus 37
Pharmacie Peniel;Dr Koffi Emissah Christine;+225 23 45 42 82 / +225 09 75 82 07;yopougon ananeraie rond point gesco
Pharmacie Regina;Dr  Coulibaly Dodo Regine;+225 21 36 68 65;koumasi sogefiha - 2 eme arret bus ligne 32 - non loin du garage akwaba
Pharmacie Shalom;Dr Biny Claude William;+225 23 53 08 73 / +225 05 67 75 90;yopougon sogefiha  pont vagabond non loin du terminus du bus 47
Pharmacie St Christophe;Dr Kadjo A.  Angele;+225 22 42 55 62 / +225 05 01 21 20;angre bd latrille - star 5 carrefour petro ivoire  route d’abobo
Pharmacie St Georges;Dr Lokrou Martial;+225 21 36 03 75 - 76;koumassi sicogi pres du camp commando
Pharmacie St Georges D’Akouedo;Dr Konate Niagna;+225 22 47 22 38;riviera iii apres barrage - tout droit autoroute de bingerville quartier genie 2000 1er carrefour
Pharmacie St Hermann;Dr Agbassi N’Soua Hippolyte;+225 23 50 72 77 / +225 03 38 74 91;base cie - entree face station petro ivoire
Pharmacie St Sauveur;Dr Kouame Didier Konan;+225 24 48 47 41;abobo quartier clouetcha carrefour ancienne boulagerie non loin du marche de clouetcha
Pharmacie Ste Marthe;Dr Zadi Agoh Marthe;+22522 42 33 87 / +225 07 77 20 00 / +225 07 73 99 78;angre bd latrille carrefour station petro ivoire - terminus bus 81& 82
Pharmacie Theodora;Dr Williams Ahoussi Enou;+225 23 46 09 00 / +225 08 98 71 44 / +225 40 30 71 72 - 72 09;yopougon niangon sud - carrefour a droite – intersection - ligne bus 27 & 39
Pharmacie William Ponty;Dr Sotty Koffi Gervais;+225 03 67 05 02;yopougon sicogi face college william ponty
Pharmacie Zeulayet;Dr Kouame Yapo Victor;+225 23 45 20 39 / +225 08 11 82 11;yopougon quartier maroc - face a la mosquee
